{
    "widgetid": "kdnNodeAppHitCountChart",
    "type": "chart",
    "tags": [{ "entityType": "nodeApplicationRuntime" }],
    "nlsBundleId": "ibm.kdn",
    "owner": "ibm.kdn",
    "datadef": {
        "query": "metric",
        "uri": "/metric/0.9/values",
        "parameters": {
            "metrics": ["throughput"],
            "dimensions": [{ "throughput": "requestName=<%DIM%>" }]
        }
    },
    "expanded": true,
    "title": "label_req_rate",
    "labels": {
        "yAxis": "label_perminute",
        "metricNames": ["label_hit_count_min"]
    }
}