{
    "widgetid": "kdnNodeSvcInstRequestErrorRateChart",
    "type": "chart",
    "tags": [{ "entityType": "nodeApplicationRuntime" }],
    "nlsBundleId": "ibm.kdn",
    "owner": "ibm.kdn",
    "datadef": {
        "query": "metric",
        "uri": "/metric/0.9/values",
        "parameters": {
            "metrics": ["requestErrorRate"]
        }
    },
    "expanded": true,
    "title": "label_error_rate",
    "labels": {
        "yAxis": "label_percentage",
        "metricNames": ["label_error_rate"]
    }
}