{
    "widgetid": "kdnNodeAppRTCPUChart",
    "type": "chart",
    "tags": [{ "entityType": "nodeApplicationRuntime" }],
    "nlsBundleId": "ibm.kdn",
    "owner": "ibm.kdn",
    "datadef": {
        "query": "metric",
        "uri": "/metric/0.9/values",
        "parameters": {
            "metrics": ["sysCpuPercentage", "cpuPercentage"]
        }
    },
    "expanded": true,
    "title": "label_cpu_usage",
    "labels": {
        "yAxis": "label_percentage",
        "metricNames": ["label_system_cpu_usage_percent", "label_cpu_usage_percent"]
    }
}