{
    "widgetid": "kdnNodeAppReqRespTimeSumChart",
    "type": "chart",
    "tags": [{ "entityType": "nodeApplicationRuntime" }],
    "nlsBundleId": "ibm.kdn",
    "owner": "ibm.kdn",
    "datadef": {
        "query": "metric",
        "uri": "/metric/0.9/values",
        "parameters": {
            "metrics": ["averageServiceResponseTime"]
        }
    },
    "expanded": true,
    "labels": {
        "yAxis": "label_req_resp_time",
        "metricNames": ["label_req_resp_time"]
    }
}