{
    "widgetid": "kdnNodeSvcInstSlowestResponseTimeChart",
    "type": "chart",
    "tags": [{ "entityType": "nodeApplicationRuntime" }],
    "nlsBundleId": "ibm.kdn",
    "owner": "ibm.kdn",
    "datadef": {
        "query": "metric",
        "uri": "/metric/0.9/values",
        "parameters": {
            "metrics": ["slowestResponseTime"]
        }
    },
    "expanded": true,
    "title": "label_slowest_resp_time",
    "labels": {
        "yAxis": "label_ms",
        "metricNames": ["label_slowest_resp_time"]
    }
}