{
    "widgetid": "kdnNodeAppRTVirtualMemoryChart",
    "type": "chart",
    "tags": [{ "entityType": "nodeApplicationRuntime" }],
    "nlsBundleId": "ibm.kdn",
    "owner": "ibm.kdn",
    "datadef": {
        "query": "metric",
        "uri": "/metric/0.9/values",
        "parameters": {
            "metrics": ["sysMemoryAll", "virtualMemory", "memoryRssSize", "memoryTotalSize"]
        }
    },
    "expanded": true,
    "title": "label_memory_usage",
    "labels": {
        "yAxis": "label_mbytes",
        "metricNames": ["label_system_memory_all", "label_virtual_memory", "label_private_memory", "label_physical_memory"]
    }
}