{
    "widgetid": "kdnNodeThinkDemoBadPercentileChart",
    "type": "chart",
    "tags": [{ "entityType": "nodeApplicationRuntime" }],
    "nlsBundleId": "ibm.kdn",
    "owner": "ibm.kdn",
    "datadef": {
        "query": "metric",
        "uri": "/metric/0.9/values",
        "parameters": {
            "metrics": ["recordResponseTime"],
            "dimensions": [{"recordResponseTime":"status=failed"}],
            "aggregations": "function_names=avg|max,interval=1m"
        }
    },
    "expanded": true,
    "title": "label_bad_request_percentile",
    "labels": {
        "yAxis": "label_ms",
        "metricNames": ["label_bad_request_percentile","test"]
    }
}